label,text
1,"Kindly note: Please send me ‚Çπ20000 immediately, it's urgent."
1,I NEED ‚Çπ1000 FOR MEDICAL BILLS. TRANSFER NOW. Please help!
1,Can you transfer ‚Çπ20000 to my account? My family needs it.
1,"Send me money ‚Çπ1500 ASAP, I will pay back later. Please help!"
1,Please help me with ‚Çπ1000. I have no other option.
1,"FYI, Requesting urgent cash ‚Çπ5000. Please transfer to this account."
1,Please deposit ‚Çπ500 into my bank account today.
1,"I am stranded, please send ‚Çπ7500 immediately."
1,Kindly note: Help me: need ‚Çπ20000 for hospital. Transfer now.
1,I will give you details‚Äîplease wire ‚Çπ20000 now. üôè
1,I want to meet the Prime Minister. Arrange it for me. Please help!
1,Request: Please get me a meeting with the Chief Minister.
1,Can you arrange to meet the Mayor? It's important.
1,I need an appointment with the district collector tomorrow. Please help!
1,"Make me meet the minister, I have an urgent request. Please help!"
1,I must meet the MP; arrange a direct meeting. Please help!
1,Please connect me to the mayor's office for a meeting. Please help!
1,Make me an SI officer; I will pay any charge.
1,"Give me a government job, I need a stable position."
1,I want to be appointed to a government post. Help me. Please help! üôè
1,Get me a job in the police department urgently.
1,Request: I can pay for a government job arrangement. Contact me.
1,"Provide me a free house under your scheme, I qualify."
1,I need a free water connection upgrade now.
1,Send me the free solar panel they promised. üôè
1,URGENT: Claim my free subsidy of ‚Çπ15000 for house repair. Please help! üôè
1,I want the free LPG cylinder‚Äîsend details to claim.
1,My grievance account is suspended. Verify and reactivate it now.
1,Update my KYC and send the OTP here to reactivate benefits.
1,Kindly note: Verify my bank details to receive the grant.
1,Your portal asks for verification; please submit my KYC.
1,I GOT A NOTIFICATION FOR KYC‚ÄîHELP ME COMPLETE IT AND SEND OTP.
1,"If you don't help me, I will escalate this to the PMO."
1,Do this now or I will file a public complaint against you.
1,You have 24 hours to resolve my issue or else consequences follow.
1,Resolve my problem or face a legal notice from me. üôè
1,"Call me right now, I need to talk about personal matters. Please help!"
1,What's up? Please call me to discuss something private.
1,"Hi, are you free? I want to chat about a favour."
1,Kindly note: Meet me personally; I have something important to tell you.
1,"Hello, You have won a citizen reward of ‚Çπ1000! Reply YES to claim."
1,Your grievance qualifies for a cash prize of ‚Çπ3000. Click link.
1,Claim your municipal refund of ‚Çπ15000 by providing bank details.
1,CONGRATULATIONS! YOU ARE SELECTED FOR A COMPENSATION OF ‚Çπ1000. Please help!
1,"FYI, Pay ‚Çπ15000 to fast-track your complaint and get immediate action."
1,Request: Activate priority resolution for ‚Çπ500. Send payment now. Please help!
1,Your complaint can be resolved urgently if you pay ‚Çπ1500. üôè
1,Please help me get my child's admission done; pay any charges.
1,I need a favour: get my documents approved quickly.
1,URGENT: I will pay you if you can get my issue cleared today.
1,"Please send me ‚Çπ2000 immediately, it's urgent. üôè"
1,I need ‚Çπ3000 for medical bills. Transfer now.
1,CAN YOU TRANSFER ‚Çπ1000 TO MY ACCOUNT? MY FAMILY NEEDS IT.
1,"Kindly note: Send me money ‚Çπ2000 ASAP, I will pay back later."
1,Please help me with ‚Çπ20000. I have no other option. üôè
1,"FYI, REQUESTING URGENT CASH ‚Çπ2500. PLEASE TRANSFER TO THIS ACCOUNT."
1,"Hello, Please deposit ‚Çπ10000 into my bank account today. Please help!"
1,"I am stranded, please send ‚Çπ20000 immediately. üôè"
1,Help me: need ‚Çπ3000 for hospital. Transfer now. Please help!
1,I will give you details‚Äîplease wire ‚Çπ3000 now. Please help!
1,I want to meet the Prime Minister. Arrange it for me. üôè
1,Please get me a meeting with the Chief Minister.
1,Can you arrange to meet the Mayor? It's important.
1,I need an appointment with the district collector tomorrow.
1,"URGENT: MAKE ME MEET THE MINISTER, I HAVE AN URGENT REQUEST."
1,I must meet the MP; arrange a direct meeting.
1,Please connect me to the mayor's office for a meeting.
1,Make me an SI officer; I will pay any charge.
1,"Request: Give me a government job, I need a stable position."
1,I want to be appointed to a government post. Help me.
1,Get me a job in the police department urgently.
1,I can pay for a government job arrangement. Contact me.
1,"Provide me a free house under your scheme, I qualify. Please help!"
1,Request: I need a free water connection upgrade now.
1,Send me the free solar panel they promised. Please help!
1,Claim my free subsidy of ‚Çπ3000 for house repair.
1,I want the free LPG cylinder‚Äîsend details to claim.
1,My grievance account is suspended. Verify and reactivate it now.
1,Update my KYC and send the OTP here to reactivate benefits.
1,Verify my bank details to receive the grant.
1,Your portal asks for verification; please submit my KYC.
1,I GOT A NOTIFICATION FOR KYC‚ÄîHELP ME COMPLETE IT AND SEND OTP. üôè
1,"URGENT: If you don't help me, I will escalate this to the PMO. Please help!"
1,Do this now or I will file a public complaint against you.
1,You have 24 hours to resolve my issue or else consequences follow. Please help!
1,"FYI, Resolve my problem or face a legal notice from me."
1,"Call me right now, I need to talk about personal matters."
1,What's up? Please call me to discuss something private.
1,"Kindly note: Hi, are you free? I want to chat about a favour."
1,Meet me personally; I have something important to tell you.
1,You have won a citizen reward of ‚Çπ2500! Reply YES to claim.
1,Your grievance qualifies for a cash prize of ‚Çπ3000. Click link. Please help!
1,Claim your municipal refund of ‚Çπ15000 by providing bank details.
1,Congratulations! You are selected for a compensation of ‚Çπ2500. üôè
1,Request: Pay ‚Çπ1000 to fast-track your complaint and get immediate action.
1,ATTN: Activate priority resolution for ‚Çπ500. Send payment now.
1,Your complaint can be resolved urgently if you pay ‚Çπ3000.
1,ATTN: Please help me get my child's admission done; pay any charges.
1,I need a favour: get my documents approved quickly.
1,I will pay you if you can get my issue cleared today.
1,"Please send me ‚Çπ500 immediately, it's urgent."
1,I need ‚Çπ500 for medical bills. Transfer now. üôè
1,URGENT: Can you transfer ‚Çπ7500 to my account? My family needs it. Please help! üôè
1,"SEND ME MONEY ‚Çπ15000 ASAP, I WILL PAY BACK LATER."
1,"Hello, Please help me with ‚Çπ15000. I have no other option."
1,Requesting urgent cash ‚Çπ15000. Please transfer to this account.
1,ATTN: Please deposit ‚Çπ20000 into my bank account today. Please help!
1,"FYI, I am stranded, please send ‚Çπ2500 immediately."
1,Help me: need ‚Çπ20000 for hospital. Transfer now. Please help!
1,I WILL GIVE YOU DETAILS‚ÄîPLEASE WIRE ‚Çπ2500 NOW. Please help!
1,I WANT TO MEET THE PRIME MINISTER. ARRANGE IT FOR ME.
1,PLEASE GET ME A MEETING WITH THE CHIEF MINISTER. Please help!
1,Kindly note: Can you arrange to meet the Mayor? It's important.
1,I NEED AN APPOINTMENT WITH THE DISTRICT COLLECTOR TOMORROW.
1,"Hello, Make me meet the minister, I have an urgent request."
1,I MUST MEET THE MP; ARRANGE A DIRECT MEETING. Please help!
1,Please connect me to the mayor's office for a meeting. Please help!
1,Make me an SI officer; I will pay any charge.
1,"Hello, Give me a government job, I need a stable position."
1,I want to be appointed to a government post. Help me.
1,Get me a job in the police department urgently. Please help!
1,I can pay for a government job arrangement. Contact me.
1,"Provide me a free house under your scheme, I qualify."
1,I need a free water connection upgrade now.
1,Send me the free solar panel they promised.
1,Claim my free subsidy of ‚Çπ2500 for house repair.
1,I want the free LPG cylinder‚Äîsend details to claim.
1,My grievance account is suspended. Verify and reactivate it now.
1,Update my KYC and send the OTP here to reactivate benefits.
1,URGENT: VERIFY MY BANK DETAILS TO RECEIVE THE GRANT.
1,REQUEST: YOUR PORTAL ASKS FOR VERIFICATION; PLEASE SUBMIT MY KYC. Please help!
1,I got a notification for KYC‚Äîhelp me complete it and send OTP.
1,"If you don't help me, I will escalate this to the PMO."
1,Do this now or I will file a public complaint against you.
1,URGENT: You have 24 hours to resolve my issue or else consequences follow.
1,"FYI, Resolve my problem or face a legal notice from me."
1,"Call me right now, I need to talk about personal matters. Please help!"
1,"HELLO, WHAT'S UP? PLEASE CALL ME TO DISCUSS SOMETHING PRIVATE. - Contact: 9748217594"
1,"Hi, are you free? I want to chat about a favour."
1,Meet me personally; I have something important to tell you.
1,YOU HAVE WON A CITIZEN REWARD OF ‚Çπ20000! REPLY YES TO CLAIM.
1,Your grievance qualifies for a cash prize of ‚Çπ7500. Click link.
1,Claim your municipal refund of ‚Çπ2000 by providing bank details.
1,Congratulations! You are selected for a compensation of ‚Çπ20000.
1,Pay ‚Çπ2500 to fast-track your complaint and get immediate action.
1,Activate priority resolution for ‚Çπ10000. Send payment now.
1,Your complaint can be resolved urgently if you pay ‚Çπ3000. Please help!
1,Please help me get my child's admission done; pay any charges.
1,I NEED A FAVOUR: GET MY DOCUMENTS APPROVED QUICKLY.
1,I will pay you if you can get my issue cleared today.
1,"Please send me ‚Çπ3000 immediately, it's urgent. Please help!"
1,URGENT: I need ‚Çπ5000 for medical bills. Transfer now.
1,Can you transfer ‚Çπ1500 to my account? My family needs it.
1,"Send me money ‚Çπ1500 ASAP, I will pay back later."
1,Request: Please help me with ‚Çπ3000. I have no other option.
1,Requesting urgent cash ‚Çπ20000. Please transfer to this account. Please help!
1,Kindly note: Please deposit ‚Çπ20000 into my bank account today. Please help!
1,"Hello, I am stranded, please send ‚Çπ15000 immediately."
1,ATTN: Help me: need ‚Çπ15000 for hospital. Transfer now.
1,ATTN: I will give you details‚Äîplease wire ‚Çπ1500 now. Please help!
1,URGENT: I want to meet the Prime Minister. Arrange it for me.
1,PLEASE GET ME A MEETING WITH THE CHIEF MINISTER.
1,CAN YOU ARRANGE TO MEET THE MAYOR? IT'S IMPORTANT.
1,I NEED AN APPOINTMENT WITH THE DISTRICT COLLECTOR TOMORROW. Please help! üôè
1,"Make me meet the minister, I have an urgent request."
1,I MUST MEET THE MP; ARRANGE A DIRECT MEETING.
1,Please connect me to the mayor's office for a meeting.
1,MAKE ME AN SI OFFICER; I WILL PAY ANY CHARGE.
1,"GIVE ME A GOVERNMENT JOB, I NEED A STABLE POSITION."
1,I want to be appointed to a government post. Help me.
1,Get me a job in the police department urgently.
1,I can pay for a government job arrangement. Contact me.
1,"Hello, Provide me a free house under your scheme, I qualify."
1,I need a free water connection upgrade now. üôè
1,Send me the free solar panel they promised. Please help!
1,ATTN: Claim my free subsidy of ‚Çπ500 for house repair. - Contact: 9836675254
1,I want the free LPG cylinder‚Äîsend details to claim. üôè
1,My grievance account is suspended. Verify and reactivate it now.
1,Update my KYC and send the OTP here to reactivate benefits. Please help!
1,Verify my bank details to receive the grant. Please help! - Contact: 9432445107
1,Your portal asks for verification; please submit my KYC.
1,I GOT A NOTIFICATION FOR KYC‚ÄîHELP ME COMPLETE IT AND SEND OTP. üôè
1,"If you don't help me, I will escalate this to the PMO."
1,"FYI, Do this now or I will file a public complaint against you."
1,YOU HAVE 24 HOURS TO RESOLVE MY ISSUE OR ELSE CONSEQUENCES FOLLOW. üôè
1,Resolve my problem or face a legal notice from me.
1,"FYI, Call me right now, I need to talk about personal matters."
1,What's up? Please call me to discuss something private. Please help! üôè
1,"Hi, are you free? I want to chat about a favour."
1,Meet me personally; I have something important to tell you.
1,You have won a citizen reward of ‚Çπ7500! Reply YES to claim.
1,"FYI, Your grievance qualifies for a cash prize of ‚Çπ7500. Click link. Please help!"
1,Claim your municipal refund of ‚Çπ10000 by providing bank details. üôè
1,Congratulations! You are selected for a compensation of ‚Çπ15000. üôè
1,PAY ‚Çπ3000 TO FAST-TRACK YOUR COMPLAINT AND GET IMMEDIATE ACTION.
1,Activate priority resolution for ‚Çπ10000. Send payment now.
1,Kindly note: Your complaint can be resolved urgently if you pay ‚Çπ15000. Please help!
1,Please help me get my child's admission done; pay any charges.
1,"FYI, I need a favour: get my documents approved quickly."
1,"Hello, I will pay you if you can get my issue cleared today."
1,"PLEASE SEND ME ‚Çπ20000 IMMEDIATELY, IT'S URGENT. üôè"
1,I need ‚Çπ2000 for medical bills. Transfer now. Please help!
1,Can you transfer ‚Çπ1000 to my account? My family needs it.
1,"Request: Send me money ‚Çπ15000 ASAP, I will pay back later. Please help!"
1,"FYI, Please help me with ‚Çπ7500. I have no other option."
1,ATTN: Requesting urgent cash ‚Çπ7500. Please transfer to this account.
1,Please deposit ‚Çπ15000 into my bank account today.
1,"I AM STRANDED, PLEASE SEND ‚Çπ2000 IMMEDIATELY."
1,Help me: need ‚Çπ1000 for hospital. Transfer now. Please help!
1,REQUEST: I WILL GIVE YOU DETAILS‚ÄîPLEASE WIRE ‚Çπ10000 NOW.
1,I want to meet the Prime Minister. Arrange it for me.
1,PLEASE GET ME A MEETING WITH THE CHIEF MINISTER. - Contact: 9727790104
1,ATTN: Can you arrange to meet the Mayor? It's important.
1,I NEED AN APPOINTMENT WITH THE DISTRICT COLLECTOR TOMORROW.
1,"Make me meet the minister, I have an urgent request. Please help!"
1,I must meet the MP; arrange a direct meeting.
1,PLEASE CONNECT ME TO THE MAYOR'S OFFICE FOR A MEETING.
1,Make me an SI officer; I will pay any charge. - Contact: 9153195205
1,"Give me a government job, I need a stable position. Please help!"
1,I want to be appointed to a government post. Help me. Please help!
1,ATTN: Get me a job in the police department urgently.
1,I CAN PAY FOR A GOVERNMENT JOB ARRANGEMENT. CONTACT ME. - Contact: 9541566765
1,"Provide me a free house under your scheme, I qualify."
1,I NEED A FREE WATER CONNECTION UPGRADE NOW.
1,Kindly note: Send me the free solar panel they promised.
1,"FYI, Claim my free subsidy of ‚Çπ7500 for house repair."
1,I want the free LPG cylinder‚Äîsend details to claim. - Contact: 9970213556
1,MY GRIEVANCE ACCOUNT IS SUSPENDED. VERIFY AND REACTIVATE IT NOW. Please help!
1,ATTN: Update my KYC and send the OTP here to reactivate benefits.
1,Verify my bank details to receive the grant.
1,Your portal asks for verification; please submit my KYC.
1,I got a notification for KYC‚Äîhelp me complete it and send OTP.
1,"If you don't help me, I will escalate this to the PMO."
1,Do this now or I will file a public complaint against you.
1,ATTN: You have 24 hours to resolve my issue or else consequences follow.
1,Resolve my problem or face a legal notice from me. Please help! üôè
1,"Call me right now, I need to talk about personal matters."
1,WHAT'S UP? PLEASE CALL ME TO DISCUSS SOMETHING PRIVATE.
1,"Hi, are you free? I want to chat about a favour."
1,Meet me personally; I have something important to tell you.
1,You have won a citizen reward of ‚Çπ10000! Reply YES to claim.
1,YOUR GRIEVANCE QUALIFIES FOR A CASH PRIZE OF ‚Çπ2500. CLICK LINK.
1,Claim your municipal refund of ‚Çπ15000 by providing bank details. - Contact: 9094396907
1,Congratulations! You are selected for a compensation of ‚Çπ20000.
1,URGENT: Pay ‚Çπ7500 to fast-track your complaint and get immediate action.
1,Activate priority resolution for ‚Çπ3000. Send payment now.
1,URGENT: Your complaint can be resolved urgently if you pay ‚Çπ3000.
1,Please help me get my child's admission done; pay any charges.
1,I need a favour: get my documents approved quickly.
1,Request: I will pay you if you can get my issue cleared today.
1,"Please send me ‚Çπ7500 immediately, it's urgent. üôè"
1,I need ‚Çπ1500 for medical bills. Transfer now.
1,Can you transfer ‚Çπ2000 to my account? My family needs it.
1,"SEND ME MONEY ‚Çπ15000 ASAP, I WILL PAY BACK LATER."
1,Please help me with ‚Çπ3000. I have no other option. üôè
1,Requesting urgent cash ‚Çπ3000. Please transfer to this account. Please help!
1,"Hello, Please deposit ‚Çπ3000 into my bank account today."
1,"I am stranded, please send ‚Çπ15000 immediately."
1,Request: Help me: need ‚Çπ20000 for hospital. Transfer now.
1,I will give you details‚Äîplease wire ‚Çπ500 now.
1,I WANT TO MEET THE PRIME MINISTER. ARRANGE IT FOR ME. üôè
1,Kindly note: Please get me a meeting with the Chief Minister.
1,Can you arrange to meet the Mayor? It's important.
1,I need an appointment with the district collector tomorrow.
1,"Make me meet the minister, I have an urgent request."
1,I must meet the MP; arrange a direct meeting.
1,Please connect me to the mayor's office for a meeting.
1,Make me an SI officer; I will pay any charge.
1,"GIVE ME A GOVERNMENT JOB, I NEED A STABLE POSITION. Please help! üôè"
1,I want to be appointed to a government post. Help me.
1,GET ME A JOB IN THE POLICE DEPARTMENT URGENTLY. üôè
1,ATTN: I CAN PAY FOR A GOVERNMENT JOB ARRANGEMENT. CONTACT ME.
1,"Hello, Provide me a free house under your scheme, I qualify. Please help!"
1,I need a free water connection upgrade now. üôè
1,Send me the free solar panel they promised. üôè
1,Claim my free subsidy of ‚Çπ5000 for house repair.
1,I want the free LPG cylinder‚Äîsend details to claim. üôè
1,"FYI, My grievance account is suspended. Verify and reactivate it now."
1,Update my KYC and send the OTP here to reactivate benefits. Please help!
1,Verify my bank details to receive the grant.
1,Kindly note: Your portal asks for verification; please submit my KYC.
1,ATTN: I got a notification for KYC‚Äîhelp me complete it and send OTP.
1,"If you don't help me, I will escalate this to the PMO."
1,KINDLY NOTE: DO THIS NOW OR I WILL FILE A PUBLIC COMPLAINT AGAINST YOU.
1,You have 24 hours to resolve my issue or else consequences follow. Please help!
1,ATTN: Resolve my problem or face a legal notice from me.
1,"Call me right now, I need to talk about personal matters."
1,What's up? Please call me to discuss something private.
1,"Hello, Hi, are you free? I want to chat about a favour."
1,Meet me personally; I have something important to tell you.
1,You have won a citizen reward of ‚Çπ500! Reply YES to claim.
1,Your grievance qualifies for a cash prize of ‚Çπ500. Click link. üôè
1,CLAIM YOUR MUNICIPAL REFUND OF ‚Çπ1000 BY PROVIDING BANK DETAILS.
1,Congratulations! You are selected for a compensation of ‚Çπ1500.
1,Pay ‚Çπ5000 to fast-track your complaint and get immediate action.
1,Activate priority resolution for ‚Çπ1500. Send payment now. Please help!
1,Your complaint can be resolved urgently if you pay ‚Çπ2000.
1,Please help me get my child's admission done; pay any charges.
1,I NEED A FAVOUR: GET MY DOCUMENTS APPROVED QUICKLY.
1,URGENT: I WILL PAY YOU IF YOU CAN GET MY ISSUE CLEARED TODAY. Please help! - Contact: 9067383028
1,"Kindly note: Please send me ‚Çπ2500 immediately, it's urgent."
1,I need ‚Çπ1500 for medical bills. Transfer now.
1,Can you transfer ‚Çπ1500 to my account? My family needs it.
1,"Send me money ‚Çπ10000 ASAP, I will pay back later. Please help!"
1,Please help me with ‚Çπ2000. I have no other option.
1,Requesting urgent cash ‚Çπ10000. Please transfer to this account. üôè
1,Kindly note: Please deposit ‚Çπ3000 into my bank account today. Please help! - Contact: 9139837354
1,"ATTN: I am stranded, please send ‚Çπ500 immediately. Please help!"
1,Help me: need ‚Çπ15000 for hospital. Transfer now.
1,I will give you details‚Äîplease wire ‚Çπ20000 now.
1,I want to meet the Prime Minister. Arrange it for me.
1,ATTN: PLEASE GET ME A MEETING WITH THE CHIEF MINISTER.
1,ATTN: Can you arrange to meet the Mayor? It's important.
1,I need an appointment with the district collector tomorrow.
1,"Make me meet the minister, I have an urgent request."
1,I MUST MEET THE MP; ARRANGE A DIRECT MEETING. Please help!
1,Please connect me to the mayor's office for a meeting. - Contact: 9875099770
1,"Hello, Make me an SI officer; I will pay any charge. Please help!"
1,"Give me a government job, I need a stable position."
1,I want to be appointed to a government post. Help me.
1,Request: Get me a job in the police department urgently.
1,Kindly note: I can pay for a government job arrangement. Contact me. Please help!
1,"ATTN: PROVIDE ME A FREE HOUSE UNDER YOUR SCHEME, I QUALIFY."
1,I need a free water connection upgrade now.
1,Send me the free solar panel they promised.
1,"FYI, CLAIM MY FREE SUBSIDY OF ‚Çπ20000 FOR HOUSE REPAIR."
1,I want the free LPG cylinder‚Äîsend details to claim.
1,My grievance account is suspended. Verify and reactivate it now.
1,Update my KYC and send the OTP here to reactivate benefits. Please help! üôè
1,Verify my bank details to receive the grant.
1,Your portal asks for verification; please submit my KYC.
1,I got a notification for KYC‚Äîhelp me complete it and send OTP. üôè
1,"If you don't help me, I will escalate this to the PMO. Please help!"
1,Do this now or I will file a public complaint against you.
1,You have 24 hours to resolve my issue or else consequences follow. Please help!
1,Resolve my problem or face a legal notice from me. Please help!
1,"Call me right now, I need to talk about personal matters."
1,What's up? Please call me to discuss something private. Please help!
1,"Hi, are you free? I want to chat about a favour."
1,MEET ME PERSONALLY; I HAVE SOMETHING IMPORTANT TO TELL YOU. Please help!
1,You have won a citizen reward of ‚Çπ3000! Reply YES to claim.
1,Your grievance qualifies for a cash prize of ‚Çπ15000. Click link.
1,Claim your municipal refund of ‚Çπ20000 by providing bank details.
1,Congratulations! You are selected for a compensation of ‚Çπ1000. - Contact: 9737416724
1,Pay ‚Çπ2000 to fast-track your complaint and get immediate action.
1,Activate priority resolution for ‚Çπ15000. Send payment now.
1,Your complaint can be resolved urgently if you pay ‚Çπ3000.
1,Please help me get my child's admission done; pay any charges.
1,I need a favour: get my documents approved quickly.
1,I will pay you if you can get my issue cleared today.
1,"Please send me ‚Çπ20000 immediately, it's urgent."
1,KINDLY NOTE: I NEED ‚Çπ1000 FOR MEDICAL BILLS. TRANSFER NOW.
1,Kindly note: Can you transfer ‚Çπ7500 to my account? My family needs it.
1,"Send me money ‚Çπ3000 ASAP, I will pay back later. Please help!"
1,Please help me with ‚Çπ1500. I have no other option.
1,REQUESTING URGENT CASH ‚Çπ20000. PLEASE TRANSFER TO THIS ACCOUNT.
1,Kindly note: Please deposit ‚Çπ2000 into my bank account today. Please help!
1,"URGENT: I am stranded, please send ‚Çπ3000 immediately."
1,HELP ME: NEED ‚Çπ15000 FOR HOSPITAL. TRANSFER NOW.
1,I will give you details‚Äîplease wire ‚Çπ2500 now.
1,I WANT TO MEET THE PRIME MINISTER. ARRANGE IT FOR ME.
1,Please get me a meeting with the Chief Minister.
1,Can you arrange to meet the Mayor? It's important.
1,I need an appointment with the district collector tomorrow.
1,"Make me meet the minister, I have an urgent request."
1,URGENT: I must meet the MP; arrange a direct meeting.
1,Please connect me to the mayor's office for a meeting. Please help!
1,Make me an SI officer; I will pay any charge. Please help!
1,"Kindly note: Give me a government job, I need a stable position."
1,I want to be appointed to a government post. Help me.
1,Get me a job in the police department urgently.
1,ATTN: I can pay for a government job arrangement. Contact me.
1,"Provide me a free house under your scheme, I qualify."
1,I NEED A FREE WATER CONNECTION UPGRADE NOW. üôè
1,Send me the free solar panel they promised. Please help!
1,CLAIM MY FREE SUBSIDY OF ‚Çπ20000 FOR HOUSE REPAIR.
1,I want the free LPG cylinder‚Äîsend details to claim.
1,My grievance account is suspended. Verify and reactivate it now.
1,Update my KYC and send the OTP here to reactivate benefits.
1,Verify my bank details to receive the grant.
1,Request: Your portal asks for verification; please submit my KYC. üôè
1,I GOT A NOTIFICATION FOR KYC‚ÄîHELP ME COMPLETE IT AND SEND OTP.
1,"If you don't help me, I will escalate this to the PMO."
1,DO THIS NOW OR I WILL FILE A PUBLIC COMPLAINT AGAINST YOU.
1,Kindly note: You have 24 hours to resolve my issue or else consequences follow.
1,REQUEST: RESOLVE MY PROBLEM OR FACE A LEGAL NOTICE FROM ME. - Contact: 9516271361
1,"CALL ME RIGHT NOW, I NEED TO TALK ABOUT PERSONAL MATTERS."
1,WHAT'S UP? PLEASE CALL ME TO DISCUSS SOMETHING PRIVATE. - Contact: 9275326973
1,"URGENT: HI, ARE YOU FREE? I WANT TO CHAT ABOUT A FAVOUR. Please help!"
1,Meet me personally; I have something important to tell you.
1,You have won a citizen reward of ‚Çπ2500! Reply YES to claim.
1,Request: Your grievance qualifies for a cash prize of ‚Çπ10000. Click link. Please help!
1,Kindly note: Claim your municipal refund of ‚Çπ1000 by providing bank details.
1,Congratulations! You are selected for a compensation of ‚Çπ1500.
1,URGENT: PAY ‚Çπ1000 TO FAST-TRACK YOUR COMPLAINT AND GET IMMEDIATE ACTION.
1,Activate priority resolution for ‚Çπ2500. Send payment now.
1,URGENT: Your complaint can be resolved urgently if you pay ‚Çπ15000.
1,Please help me get my child's admission done; pay any charges. üôè
1,I need a favour: get my documents approved quickly. Please help!
1,I will pay you if you can get my issue cleared today.
1,"FYI, Please send me ‚Çπ500 immediately, it's urgent."
1,I NEED ‚Çπ2500 FOR MEDICAL BILLS. TRANSFER NOW.
1,Can you transfer ‚Çπ2500 to my account? My family needs it. Please help!
1,"ATTN: Send me money ‚Çπ15000 ASAP, I will pay back later. Please help!"
1,URGENT: Please help me with ‚Çπ10000. I have no other option.
1,Requesting urgent cash ‚Çπ500. Please transfer to this account.
1,PLEASE DEPOSIT ‚Çπ3000 INTO MY BANK ACCOUNT TODAY.
1,"I am stranded, please send ‚Çπ10000 immediately. Please help!"
1,REQUEST: HELP ME: NEED ‚Çπ3000 FOR HOSPITAL. TRANSFER NOW.
1,I will give you details‚Äîplease wire ‚Çπ7500 now.
1,I want to meet the Prime Minister. Arrange it for me.
1,PLEASE GET ME A MEETING WITH THE CHIEF MINISTER.
1,Can you arrange to meet the Mayor? It's important.
1,"FYI, I NEED AN APPOINTMENT WITH THE DISTRICT COLLECTOR TOMORROW."
1,"Make me meet the minister, I have an urgent request. Please help!"
1,"HELLO, I MUST MEET THE MP; ARRANGE A DIRECT MEETING."
1,Please connect me to the mayor's office for a meeting.
1,MAKE ME AN SI OFFICER; I WILL PAY ANY CHARGE.
1,"GIVE ME A GOVERNMENT JOB, I NEED A STABLE POSITION."
1,I WANT TO BE APPOINTED TO A GOVERNMENT POST. HELP ME.
1,"FYI, GET ME A JOB IN THE POLICE DEPARTMENT URGENTLY. - Contact: 9442067883"
1,URGENT: I can pay for a government job arrangement. Contact me. Please help!
1,"Request: Provide me a free house under your scheme, I qualify."
1,I NEED A FREE WATER CONNECTION UPGRADE NOW. Please help!
1,Send me the free solar panel they promised.
1,Claim my free subsidy of ‚Çπ15000 for house repair.
1,I want the free LPG cylinder‚Äîsend details to claim.
1,My grievance account is suspended. Verify and reactivate it now.
1,Update my KYC and send the OTP here to reactivate benefits.
1,Request: Verify my bank details to receive the grant.
1,Your portal asks for verification; please submit my KYC. Please help!
1,I GOT A NOTIFICATION FOR KYC‚ÄîHELP ME COMPLETE IT AND SEND OTP.
1,"IF YOU DON'T HELP ME, I WILL ESCALATE THIS TO THE PMO."
1,ATTN: Do this now or I will file a public complaint against you.
1,ATTN: You have 24 hours to resolve my issue or else consequences follow. - Contact: 9599293784
1,URGENT: RESOLVE MY PROBLEM OR FACE A LEGAL NOTICE FROM ME. - Contact: 9932525002
1,"Call me right now, I need to talk about personal matters."
1,What's up? Please call me to discuss something private.
1,"Request: Hi, are you free? I want to chat about a favour."
1,Meet me personally; I have something important to tell you.
1,You have won a citizen reward of ‚Çπ2500! Reply YES to claim. Please help!
1,"Hello, Your grievance qualifies for a cash prize of ‚Çπ15000. Click link."
1,KINDLY NOTE: CLAIM YOUR MUNICIPAL REFUND OF ‚Çπ7500 BY PROVIDING BANK DETAILS.
1,Congratulations! You are selected for a compensation of ‚Çπ20000.
1,Pay ‚Çπ2500 to fast-track your complaint and get immediate action. Please help!
1,Activate priority resolution for ‚Çπ5000. Send payment now.
1,Your complaint can be resolved urgently if you pay ‚Çπ20000. üôè - Contact: 9411526218
1,Please help me get my child's admission done; pay any charges.
1,I need a favour: get my documents approved quickly. üôè
1,I will pay you if you can get my issue cleared today.
1,"URGENT: Please send me ‚Çπ2500 immediately, it's urgent. üôè - Contact: 9149731032"
1,I NEED ‚Çπ20000 FOR MEDICAL BILLS. TRANSFER NOW.
1,Can you transfer ‚Çπ20000 to my account? My family needs it.
1,"Send me money ‚Çπ500 ASAP, I will pay back later. üôè"
1,Kindly note: Please help me with ‚Çπ20000. I have no other option.
1,Requesting urgent cash ‚Çπ5000. Please transfer to this account.
1,Please deposit ‚Çπ7500 into my bank account today.
1,"I am stranded, please send ‚Çπ15000 immediately. Please help!"
1,HELP ME: NEED ‚Çπ2000 FOR HOSPITAL. TRANSFER NOW.
1,"Hello, I will give you details‚Äîplease wire ‚Çπ20000 now. üôè"
1,I want to meet the Prime Minister. Arrange it for me.
1,Please get me a meeting with the Chief Minister.
1,Can you arrange to meet the Mayor? It's important.
1,I need an appointment with the district collector tomorrow.
1,"FYI, Make me meet the minister, I have an urgent request."
1,I must meet the MP; arrange a direct meeting. Please help!
1,Please connect me to the mayor's office for a meeting.
1,Make me an SI officer; I will pay any charge.
1,"Give me a government job, I need a stable position. Please help!"
1,I want to be appointed to a government post. Help me.
1,Get me a job in the police department urgently.
1,I can pay for a government job arrangement. Contact me. Please help! üôè
1,"FYI, Provide me a free house under your scheme, I qualify. - Contact: 9579727985"
1,I need a free water connection upgrade now. - Contact: 9029333346
1,Send me the free solar panel they promised.
1,CLAIM MY FREE SUBSIDY OF ‚Çπ1500 FOR HOUSE REPAIR.
1,I want the free LPG cylinder‚Äîsend details to claim.
1,My grievance account is suspended. Verify and reactivate it now.
1,Update my KYC and send the OTP here to reactivate benefits.
1,"FYI, Verify my bank details to receive the grant."
1,YOUR PORTAL ASKS FOR VERIFICATION; PLEASE SUBMIT MY KYC.
1,I got a notification for KYC‚Äîhelp me complete it and send OTP.
1,"If you don't help me, I will escalate this to the PMO."
1,Kindly note: Do this now or I will file a public complaint against you.
1,You have 24 hours to resolve my issue or else consequences follow. Please help!
1,Resolve my problem or face a legal notice from me.
1,"Call me right now, I need to talk about personal matters."
1,What's up? Please call me to discuss something private.
1,"Hi, are you free? I want to chat about a favour."
1,Meet me personally; I have something important to tell you.
1,You have won a citizen reward of ‚Çπ3000! Reply YES to claim.
1,Your grievance qualifies for a cash prize of ‚Çπ1000. Click link. Please help! üôè
1,Claim your municipal refund of ‚Çπ1500 by providing bank details.
1,Congratulations! You are selected for a compensation of ‚Çπ5000.
1,Pay ‚Çπ500 to fast-track your complaint and get immediate action. üôè
1,Activate priority resolution for ‚Çπ2000. Send payment now. Please help!
1,Your complaint can be resolved urgently if you pay ‚Çπ500.
1,Please help me get my child's admission done; pay any charges.
1,I need a favour: get my documents approved quickly.
1,I will pay you if you can get my issue cleared today. üôè
1,"Please send me ‚Çπ2500 immediately, it's urgent."
1,I need ‚Çπ500 for medical bills. Transfer now.
1,Can you transfer ‚Çπ20000 to my account? My family needs it.
1,"Send me money ‚Çπ1500 ASAP, I will pay back later."
1,ATTN: Please help me with ‚Çπ7500. I have no other option.
1,Request: Requesting urgent cash ‚Çπ1500. Please transfer to this account. - Contact: 9119721811
1,Please deposit ‚Çπ2500 into my bank account today. üôè
1,"I am stranded, please send ‚Çπ500 immediately."
1,ATTN: Help me: need ‚Çπ500 for hospital. Transfer now. Please help!
1,I will give you details‚Äîplease wire ‚Çπ1000 now. Please help!
1,I want to meet the Prime Minister. Arrange it for me.
1,Please get me a meeting with the Chief Minister.
1,Can you arrange to meet the Mayor? It's important.
1,I need an appointment with the district collector tomorrow.
1,"MAKE ME MEET THE MINISTER, I HAVE AN URGENT REQUEST."
1,I must meet the MP; arrange a direct meeting.
1,Please connect me to the mayor's office for a meeting.
1,MAKE ME AN SI OFFICER; I WILL PAY ANY CHARGE. - Contact: 9287721753
1,"Give me a government job, I need a stable position."
1,Request: I want to be appointed to a government post. Help me.
1,Get me a job in the police department urgently. Please help! - Contact: 9199488375
1,I CAN PAY FOR A GOVERNMENT JOB ARRANGEMENT. CONTACT ME.
1,"Provide me a free house under your scheme, I qualify."
1,I need a free water connection upgrade now.
1,ATTN: Send me the free solar panel they promised.
1,Request: Claim my free subsidy of ‚Çπ2000 for house repair.
1,Kindly note: I want the free LPG cylinder‚Äîsend details to claim.
1,MY GRIEVANCE ACCOUNT IS SUSPENDED. VERIFY AND REACTIVATE IT NOW. üôè
1,Update my KYC and send the OTP here to reactivate benefits.
1,VERIFY MY BANK DETAILS TO RECEIVE THE GRANT.
1,Your portal asks for verification; please submit my KYC.
1,I got a notification for KYC‚Äîhelp me complete it and send OTP. Please help!
1,"If you don't help me, I will escalate this to the PMO."
1,"Hello, Do this now or I will file a public complaint against you."
1,You have 24 hours to resolve my issue or else consequences follow.
1,Resolve my problem or face a legal notice from me.
1,"Call me right now, I need to talk about personal matters."
1,URGENT: What's up? Please call me to discuss something private.
1,"Hi, are you free? I want to chat about a favour. üôè"
1,Kindly note: Meet me personally; I have something important to tell you.
1,YOU HAVE WON A CITIZEN REWARD OF ‚Çπ2500! REPLY YES TO CLAIM.
1,Kindly note: Your grievance qualifies for a cash prize of ‚Çπ10000. Click link.
1,Claim your municipal refund of ‚Çπ20000 by providing bank details.
1,Congratulations! You are selected for a compensation of ‚Çπ2000.
1,"FYI, Pay ‚Çπ5000 to fast-track your complaint and get immediate action. Please help!"
1,"FYI, Activate priority resolution for ‚Çπ1500. Send payment now."
1,YOUR COMPLAINT CAN BE RESOLVED URGENTLY IF YOU PAY ‚Çπ15000.
1,Please help me get my child's admission done; pay any charges.
1,I need a favour: get my documents approved quickly.
1,I will pay you if you can get my issue cleared today.
1,"Please send me ‚Çπ20000 immediately, it's urgent."
1,I need ‚Çπ1000 for medical bills. Transfer now.
1,CAN YOU TRANSFER ‚Çπ10000 TO MY ACCOUNT? MY FAMILY NEEDS IT.
1,"Send me money ‚Çπ1500 ASAP, I will pay back later."
1,Please help me with ‚Çπ2000. I have no other option. Please help!
1,Requesting urgent cash ‚Çπ5000. Please transfer to this account.
1,ATTN: Please deposit ‚Çπ1000 into my bank account today.
1,"I am stranded, please send ‚Çπ5000 immediately. - Contact: 9919015814"
1,HELP ME: NEED ‚Çπ20000 FOR HOSPITAL. TRANSFER NOW.
1,ATTN: I WILL GIVE YOU DETAILS‚ÄîPLEASE WIRE ‚Çπ7500 NOW.
1,Kindly note: I want to meet the Prime Minister. Arrange it for me.
1,"HELLO, PLEASE GET ME A MEETING WITH THE CHIEF MINISTER. Please help!"
1,ATTN: Can you arrange to meet the Mayor? It's important.
1,I need an appointment with the district collector tomorrow.
1,"Make me meet the minister, I have an urgent request."
1,I must meet the MP; arrange a direct meeting. Please help!
1,PLEASE CONNECT ME TO THE MAYOR'S OFFICE FOR A MEETING.
1,Make me an SI officer; I will pay any charge.
1,"Give me a government job, I need a stable position."
1,I want to be appointed to a government post. Help me.
1,Get me a job in the police department urgently.
1,I can pay for a government job arrangement. Contact me. Please help!
1,"URGENT: Provide me a free house under your scheme, I qualify."
1,I need a free water connection upgrade now. Please help!
1,SEND ME THE FREE SOLAR PANEL THEY PROMISED.
1,Claim my free subsidy of ‚Çπ1500 for house repair.
1,I want the free LPG cylinder‚Äîsend details to claim. Please help!
1,My grievance account is suspended. Verify and reactivate it now.
1,Request: Update my KYC and send the OTP here to reactivate benefits.
1,Verify my bank details to receive the grant. üôè
1,"Hello, Your portal asks for verification; please submit my KYC."
1,I got a notification for KYC‚Äîhelp me complete it and send OTP. üôè
1,"If you don't help me, I will escalate this to the PMO."
1,DO THIS NOW OR I WILL FILE A PUBLIC COMPLAINT AGAINST YOU.
1,You have 24 hours to resolve my issue or else consequences follow. Please help!
1,Resolve my problem or face a legal notice from me. Please help!
1,"Call me right now, I need to talk about personal matters."
1,What's up? Please call me to discuss something private. Please help!
1,"Hi, are you free? I want to chat about a favour."
1,Meet me personally; I have something important to tell you.
1,You have won a citizen reward of ‚Çπ5000! Reply YES to claim.
1,Your grievance qualifies for a cash prize of ‚Çπ20000. Click link.
1,Claim your municipal refund of ‚Çπ2000 by providing bank details.
1,Congratulations! You are selected for a compensation of ‚Çπ15000.
1,PAY ‚Çπ15000 TO FAST-TRACK YOUR COMPLAINT AND GET IMMEDIATE ACTION.
1,Activate priority resolution for ‚Çπ500. Send payment now.
1,ATTN: Your complaint can be resolved urgently if you pay ‚Çπ15000.
1,Please help me get my child's admission done; pay any charges. Please help! üôè
1,I need a favour: get my documents approved quickly.
1,I will pay you if you can get my issue cleared today.
1,"Please send me ‚Çπ20000 immediately, it's urgent."
1,I need ‚Çπ7500 for medical bills. Transfer now.
1,ATTN: Can you transfer ‚Çπ20000 to my account? My family needs it.
1,"Send me money ‚Çπ3000 ASAP, I will pay back later."
1,Please help me with ‚Çπ1000. I have no other option.
1,Request: Requesting urgent cash ‚Çπ15000. Please transfer to this account.
1,Please deposit ‚Çπ500 into my bank account today.
1,"I AM STRANDED, PLEASE SEND ‚Çπ10000 IMMEDIATELY."
1,Help me: need ‚Çπ500 for hospital. Transfer now.
1,I will give you details‚Äîplease wire ‚Çπ20000 now. üôè
1,I want to meet the Prime Minister. Arrange it for me.
1,Please get me a meeting with the Chief Minister.
1,URGENT: Can you arrange to meet the Mayor? It's important.
1,I need an appointment with the district collector tomorrow.
1,"FYI, Make me meet the minister, I have an urgent request. - Contact: 9141633565"
1,I MUST MEET THE MP; ARRANGE A DIRECT MEETING.
1,PLEASE CONNECT ME TO THE MAYOR'S OFFICE FOR A MEETING.
1,Make me an SI officer; I will pay any charge.
1,"Give me a government job, I need a stable position."
1,URGENT: I WANT TO BE APPOINTED TO A GOVERNMENT POST. HELP ME. Please help! - Contact: 9807595794
1,Get me a job in the police department urgently.
1,Request: I can pay for a government job arrangement. Contact me.
1,"URGENT: Provide me a free house under your scheme, I qualify. üôè"
1,I need a free water connection upgrade now.
1,Send me the free solar panel they promised.
1,Claim my free subsidy of ‚Çπ3000 for house repair.
1,I want the free LPG cylinder‚Äîsend details to claim.
1,My grievance account is suspended. Verify and reactivate it now.
1,Update my KYC and send the OTP here to reactivate benefits.
1,VERIFY MY BANK DETAILS TO RECEIVE THE GRANT. Please help!
1,YOUR PORTAL ASKS FOR VERIFICATION; PLEASE SUBMIT MY KYC.
1,I got a notification for KYC‚Äîhelp me complete it and send OTP.
1,"If you don't help me, I will escalate this to the PMO."
1,Do this now or I will file a public complaint against you.
1,You have 24 hours to resolve my issue or else consequences follow.
1,Resolve my problem or face a legal notice from me. Please help!
1,"Call me right now, I need to talk about personal matters."
1,What's up? Please call me to discuss something private.
1,"FYI, Hi, are you free? I want to chat about a favour."
1,Request: Meet me personally; I have something important to tell you. Please help!
1,YOU HAVE WON A CITIZEN REWARD OF ‚Çπ2500! REPLY YES TO CLAIM.
1,YOUR GRIEVANCE QUALIFIES FOR A CASH PRIZE OF ‚Çπ7500. CLICK LINK.
1,Claim your municipal refund of ‚Çπ3000 by providing bank details.
1,"Hello, Congratulations! You are selected for a compensation of ‚Çπ10000."
1,Pay ‚Çπ10000 to fast-track your complaint and get immediate action.
1,URGENT: ACTIVATE PRIORITY RESOLUTION FOR ‚Çπ2500. SEND PAYMENT NOW.
1,Your complaint can be resolved urgently if you pay ‚Çπ500.
1,Please help me get my child's admission done; pay any charges.
1,Kindly note: I need a favour: get my documents approved quickly.
1,"Hello, I will pay you if you can get my issue cleared today."
1,"URGENT: Please send me ‚Çπ5000 immediately, it's urgent."
1,I need ‚Çπ15000 for medical bills. Transfer now. Please help! üôè
1,Can you transfer ‚Çπ2500 to my account? My family needs it.
1,"Send me money ‚Çπ3000 ASAP, I will pay back later. - Contact: 9120461872"
1,Please help me with ‚Çπ2000. I have no other option.
1,Requesting urgent cash ‚Çπ5000. Please transfer to this account.
1,Please deposit ‚Çπ10000 into my bank account today.
1,"I am stranded, please send ‚Çπ500 immediately. Please help!"
1,Help me: need ‚Çπ500 for hospital. Transfer now. Please help!
1,I will give you details‚Äîplease wire ‚Çπ2500 now.
1,I want to meet the Prime Minister. Arrange it for me.
1,Please get me a meeting with the Chief Minister.
1,CAN YOU ARRANGE TO MEET THE MAYOR? IT'S IMPORTANT.
1,I need an appointment with the district collector tomorrow.
1,"MAKE ME MEET THE MINISTER, I HAVE AN URGENT REQUEST."
1,I must meet the MP; arrange a direct meeting.
1,Please connect me to the mayor's office for a meeting.
1,Make me an SI officer; I will pay any charge.
1,"Give me a government job, I need a stable position."
1,Kindly note: I want to be appointed to a government post. Help me.
1,"Hello, Get me a job in the police department urgently. Please help! - Contact: 9173109678"
1,I can pay for a government job arrangement. Contact me. Please help! - Contact: 9371705865
1,"PROVIDE ME A FREE HOUSE UNDER YOUR SCHEME, I QUALIFY."
1,ATTN: I need a free water connection upgrade now. Please help!
1,Send me the free solar panel they promised.
1,Claim my free subsidy of ‚Çπ1000 for house repair.
1,I want the free LPG cylinder‚Äîsend details to claim.
1,My grievance account is suspended. Verify and reactivate it now.
1,Update my KYC and send the OTP here to reactivate benefits.
1,Verify my bank details to receive the grant. - Contact: 9049082404
1,Your portal asks for verification; please submit my KYC.
1,I got a notification for KYC‚Äîhelp me complete it and send OTP.
1,"FYI, If you don't help me, I will escalate this to the PMO."
1,Do this now or I will file a public complaint against you.
1,You have 24 hours to resolve my issue or else consequences follow.
1,Resolve my problem or face a legal notice from me. Please help!
1,"Call me right now, I need to talk about personal matters."
1,WHAT'S UP? PLEASE CALL ME TO DISCUSS SOMETHING PRIVATE. - Contact: 9892583206
1,"Hi, are you free? I want to chat about a favour."
1,"FYI, MEET ME PERSONALLY; I HAVE SOMETHING IMPORTANT TO TELL YOU."
1,You have won a citizen reward of ‚Çπ10000! Reply YES to claim.
1,"Hello, Your grievance qualifies for a cash prize of ‚Çπ15000. Click link."
1,CLAIM YOUR MUNICIPAL REFUND OF ‚Çπ20000 BY PROVIDING BANK DETAILS.
1,Congratulations! You are selected for a compensation of ‚Çπ15000. Please help!
1,URGENT: Pay ‚Çπ15000 to fast-track your complaint and get immediate action.
1,URGENT: Activate priority resolution for ‚Çπ1000. Send payment now.
1,YOUR COMPLAINT CAN BE RESOLVED URGENTLY IF YOU PAY ‚Çπ3000.
1,"Hello, Please help me get my child's admission done; pay any charges."
1,I need a favour: get my documents approved quickly.
1,Kindly note: I will pay you if you can get my issue cleared today. Please help! üôè
1,"Please send me ‚Çπ2500 immediately, it's urgent."
1,Request: I need ‚Çπ5000 for medical bills. Transfer now.
1,"Hello, Can you transfer ‚Çπ1000 to my account? My family needs it. üôè"
1,"Send me money ‚Çπ2500 ASAP, I will pay back later. Please help!"
1,Please help me with ‚Çπ2000. I have no other option.
1,Requesting urgent cash ‚Çπ500. Please transfer to this account.
1,Please deposit ‚Çπ5000 into my bank account today.
1,"I am stranded, please send ‚Çπ5000 immediately."
1,Help me: need ‚Çπ10000 for hospital. Transfer now. Please help!
1,I will give you details‚Äîplease wire ‚Çπ5000 now. Please help!
1,I want to meet the Prime Minister. Arrange it for me. Please help!
1,Please get me a meeting with the Chief Minister.
1,Can you arrange to meet the Mayor? It's important.
1,I need an appointment with the district collector tomorrow.
1,"Make me meet the minister, I have an urgent request."
1,I must meet the MP; arrange a direct meeting.
1,URGENT: Please connect me to the mayor's office for a meeting.
1,ATTN: Make me an SI officer; I will pay any charge.
1,"Give me a government job, I need a stable position."
1,I want to be appointed to a government post. Help me.
1,Get me a job in the police department urgently. üôè
1,I can pay for a government job arrangement. Contact me.
1,"FYI, Provide me a free house under your scheme, I qualify."
1,I need a free water connection upgrade now.
1,"HELLO, SEND ME THE FREE SOLAR PANEL THEY PROMISED."
1,CLAIM MY FREE SUBSIDY OF ‚Çπ5000 FOR HOUSE REPAIR.
1,"FYI, I want the free LPG cylinder‚Äîsend details to claim."
1,Request: My grievance account is suspended. Verify and reactivate it now. Please help!
1,Update my KYC and send the OTP here to reactivate benefits.
1,Verify my bank details to receive the grant. Please help!
1,Your portal asks for verification; please submit my KYC.
1,I GOT A NOTIFICATION FOR KYC‚ÄîHELP ME COMPLETE IT AND SEND OTP.
1,"If you don't help me, I will escalate this to the PMO."
1,Do this now or I will file a public complaint against you. Please help!
1,You have 24 hours to resolve my issue or else consequences follow. Please help!
1,"Hello, Resolve my problem or face a legal notice from me. üôè"
1,"Kindly note: Call me right now, I need to talk about personal matters."
1,What's up? Please call me to discuss something private.
1,"Hi, are you free? I want to chat about a favour. üôè"
1,"FYI, Meet me personally; I have something important to tell you."
1,You have won a citizen reward of ‚Çπ15000! Reply YES to claim.
1,Your grievance qualifies for a cash prize of ‚Çπ2500. Click link.
1,Claim your municipal refund of ‚Çπ15000 by providing bank details.
1,CONGRATULATIONS! YOU ARE SELECTED FOR A COMPENSATION OF ‚Çπ2500. Please help!
1,Pay ‚Çπ15000 to fast-track your complaint and get immediate action. - Contact: 9344144885
1,"FYI, Activate priority resolution for ‚Çπ500. Send payment now. üôè"
1,Your complaint can be resolved urgently if you pay ‚Çπ3000. üôè
1,Request: Please help me get my child's admission done; pay any charges.
1,I need a favour: get my documents approved quickly.
1,Kindly note: I will pay you if you can get my issue cleared today. üôè
1,"Please send me ‚Çπ500 immediately, it's urgent."
1,I need ‚Çπ1000 for medical bills. Transfer now. üôè
1,Can you transfer ‚Çπ7500 to my account? My family needs it.
1,"Send me money ‚Çπ3000 ASAP, I will pay back later. üôè"
1,"FYI, Please help me with ‚Çπ10000. I have no other option."
1,Requesting urgent cash ‚Çπ1000. Please transfer to this account.
1,"FYI, Please deposit ‚Çπ10000 into my bank account today."
1,"Kindly note: I am stranded, please send ‚Çπ500 immediately. Please help!"
1,"FYI, Help me: need ‚Çπ2000 for hospital. Transfer now."
1,"Hello, I will give you details‚Äîplease wire ‚Çπ1000 now. Please help!"
1,I want to meet the Prime Minister. Arrange it for me.
1,PLEASE GET ME A MEETING WITH THE CHIEF MINISTER. Please help! üôè
1,Request: Can you arrange to meet the Mayor? It's important.
1,I need an appointment with the district collector tomorrow.
1,"Make me meet the minister, I have an urgent request."
1,I must meet the MP; arrange a direct meeting.
1,"Hello, Please connect me to the mayor's office for a meeting."
1,Make me an SI officer; I will pay any charge.
1,"Give me a government job, I need a stable position."
1,I WANT TO BE APPOINTED TO A GOVERNMENT POST. HELP ME.
1,Get me a job in the police department urgently.
1,Kindly note: I can pay for a government job arrangement. Contact me.
1,"Kindly note: Provide me a free house under your scheme, I qualify."
1,I need a free water connection upgrade now. Please help!
1,Send me the free solar panel they promised.
1,ATTN: Claim my free subsidy of ‚Çπ500 for house repair. üôè
1,"Hello, I want the free LPG cylinder‚Äîsend details to claim."
1,My grievance account is suspended. Verify and reactivate it now.
1,Update my KYC and send the OTP here to reactivate benefits.
1,VERIFY MY BANK DETAILS TO RECEIVE THE GRANT. üôè
1,YOUR PORTAL ASKS FOR VERIFICATION; PLEASE SUBMIT MY KYC.
1,I got a notification for KYC‚Äîhelp me complete it and send OTP.
1,"Hello, If you don't help me, I will escalate this to the PMO."
1,DO THIS NOW OR I WILL FILE A PUBLIC COMPLAINT AGAINST YOU. Please help!
1,You have 24 hours to resolve my issue or else consequences follow. Please help!
1,Resolve my problem or face a legal notice from me.
1,"Call me right now, I need to talk about personal matters. Please help!"
1,"Hello, What's up? Please call me to discuss something private. üôè - Contact: 9751971284"
1,"HI, ARE YOU FREE? I WANT TO CHAT ABOUT A FAVOUR."
1,MEET ME PERSONALLY; I HAVE SOMETHING IMPORTANT TO TELL YOU.
1,YOU HAVE WON A CITIZEN REWARD OF ‚Çπ3000! REPLY YES TO CLAIM.
1,Your grievance qualifies for a cash prize of ‚Çπ3000. Click link.
1,Claim your municipal refund of ‚Çπ15000 by providing bank details.
1,REQUEST: CONGRATULATIONS! YOU ARE SELECTED FOR A COMPENSATION OF ‚Çπ15000.
1,Pay ‚Çπ2500 to fast-track your complaint and get immediate action.
1,Activate priority resolution for ‚Çπ20000. Send payment now.
1,YOUR COMPLAINT CAN BE RESOLVED URGENTLY IF YOU PAY ‚Çπ500. Please help!
1,Please help me get my child's admission done; pay any charges.
1,I need a favour: get my documents approved quickly.
1,I will pay you if you can get my issue cleared today.
1,"PLEASE SEND ME ‚Çπ5000 IMMEDIATELY, IT'S URGENT."
1,I need ‚Çπ20000 for medical bills. Transfer now.
1,Can you transfer ‚Çπ5000 to my account? My family needs it.
1,"Send me money ‚Çπ15000 ASAP, I will pay back later."
1,Please help me with ‚Çπ3000. I have no other option. üôè
1,URGENT: Requesting urgent cash ‚Çπ5000. Please transfer to this account. - Contact: 9910939111
1,Kindly note: Please deposit ‚Çπ15000 into my bank account today.
1,"I am stranded, please send ‚Çπ1500 immediately."
1,Help me: need ‚Çπ5000 for hospital. Transfer now.
1,I will give you details‚Äîplease wire ‚Çπ500 now. Please help!
1,I want to meet the Prime Minister. Arrange it for me.
1,Please get me a meeting with the Chief Minister.
1,"Hello, Can you arrange to meet the Mayor? It's important."
1,URGENT: I need an appointment with the district collector tomorrow.
1,"Make me meet the minister, I have an urgent request."
1,I must meet the MP; arrange a direct meeting. Please help!
1,Please connect me to the mayor's office for a meeting.
1,MAKE ME AN SI OFFICER; I WILL PAY ANY CHARGE.
1,"Give me a government job, I need a stable position. Please help!"
1,I want to be appointed to a government post. Help me.
1,GET ME A JOB IN THE POLICE DEPARTMENT URGENTLY. Please help!
1,"Hello, I can pay for a government job arrangement. Contact me."
1,"FYI, PROVIDE ME A FREE HOUSE UNDER YOUR SCHEME, I QUALIFY."
1,I need a free water connection upgrade now.
1,SEND ME THE FREE SOLAR PANEL THEY PROMISED. Please help!
1,KINDLY NOTE: CLAIM MY FREE SUBSIDY OF ‚Çπ500 FOR HOUSE REPAIR. Please help!
1,I want the free LPG cylinder‚Äîsend details to claim.
1,My grievance account is suspended. Verify and reactivate it now.
1,Update my KYC and send the OTP here to reactivate benefits.
1,Verify my bank details to receive the grant.
1,Your portal asks for verification; please submit my KYC. - Contact: 9196207100
1,URGENT: I got a notification for KYC‚Äîhelp me complete it and send OTP.
1,"IF YOU DON'T HELP ME, I WILL ESCALATE THIS TO THE PMO. Please help!"
1,KINDLY NOTE: DO THIS NOW OR I WILL FILE A PUBLIC COMPLAINT AGAINST YOU. Please help!
1,You have 24 hours to resolve my issue or else consequences follow. Please help!
1,"FYI, Resolve my problem or face a legal notice from me."
1,"URGENT: Call me right now, I need to talk about personal matters."
1,Kindly note: What's up? Please call me to discuss something private. Please help!
1,"Hi, are you free? I want to chat about a favour. üôè"
1,URGENT: Meet me personally; I have something important to tell you. Please help!
1,You have won a citizen reward of ‚Çπ3000! Reply YES to claim.
1,Your grievance qualifies for a cash prize of ‚Çπ2000. Click link.
1,"Hello, Claim your municipal refund of ‚Çπ5000 by providing bank details."
1,ATTN: CONGRATULATIONS! YOU ARE SELECTED FOR A COMPENSATION OF ‚Çπ2500.
1,"FYI, Pay ‚Çπ5000 to fast-track your complaint and get immediate action."
1,Activate priority resolution for ‚Çπ1500. Send payment now.
1,Your complaint can be resolved urgently if you pay ‚Çπ2000.
1,Please help me get my child's admission done; pay any charges.
1,URGENT: I NEED A FAVOUR: GET MY DOCUMENTS APPROVED QUICKLY. üôè
1,I will pay you if you can get my issue cleared today.
1,"Please send me ‚Çπ500 immediately, it's urgent."
1,I need ‚Çπ500 for medical bills. Transfer now. - Contact: 9772625701
1,Can you transfer ‚Çπ5000 to my account? My family needs it. Please help!
1,"Send me money ‚Çπ10000 ASAP, I will pay back later."
1,Please help me with ‚Çπ10000. I have no other option.
1,Requesting urgent cash ‚Çπ3000. Please transfer to this account.
1,URGENT: Please deposit ‚Çπ3000 into my bank account today.
1,"I am stranded, please send ‚Çπ2000 immediately. üôè"
1,Help me: need ‚Çπ7500 for hospital. Transfer now. Please help!
1,I will give you details‚Äîplease wire ‚Çπ2500 now.
1,REQUEST: I WANT TO MEET THE PRIME MINISTER. ARRANGE IT FOR ME.
1,URGENT: Please get me a meeting with the Chief Minister.
1,Can you arrange to meet the Mayor? It's important.
1,I need an appointment with the district collector tomorrow. Please help!
1,"Make me meet the minister, I have an urgent request."
1,I must meet the MP; arrange a direct meeting.
1,"FYI, Please connect me to the mayor's office for a meeting."
1,Make me an SI officer; I will pay any charge.
1,"Kindly note: Give me a government job, I need a stable position. - Contact: 9592745238"
1,I want to be appointed to a government post. Help me.
1,GET ME A JOB IN THE POLICE DEPARTMENT URGENTLY. Please help!
1,I can pay for a government job arrangement. Contact me.
1,"Provide me a free house under your scheme, I qualify."
1,I need a free water connection upgrade now.
1,Kindly note: Send me the free solar panel they promised.
1,Claim my free subsidy of ‚Çπ1000 for house repair. Please help!
1,URGENT: I want the free LPG cylinder‚Äîsend details to claim.
1,"FYI, My grievance account is suspended. Verify and reactivate it now."
1,Update my KYC and send the OTP here to reactivate benefits.
1,Verify my bank details to receive the grant.
1,Your portal asks for verification; please submit my KYC.
1,I got a notification for KYC‚Äîhelp me complete it and send OTP. Please help!
1,"If you don't help me, I will escalate this to the PMO. üôè"
1,Do this now or I will file a public complaint against you.
1,You have 24 hours to resolve my issue or else consequences follow.
1,Resolve my problem or face a legal notice from me.
1,"Call me right now, I need to talk about personal matters. Please help!"
1,What's up? Please call me to discuss something private. Please help!
1,"Hi, are you free? I want to chat about a favour."
1,Meet me personally; I have something important to tell you. üôè
1,"FYI, You have won a citizen reward of ‚Çπ15000! Reply YES to claim. üôè"
1,Your grievance qualifies for a cash prize of ‚Çπ20000. Click link.
1,URGENT: Claim your municipal refund of ‚Çπ20000 by providing bank details. Please help!
1,Congratulations! You are selected for a compensation of ‚Çπ2500.
1,Pay ‚Çπ1500 to fast-track your complaint and get immediate action.
1,Activate priority resolution for ‚Çπ1500. Send payment now.
1,Your complaint can be resolved urgently if you pay ‚Çπ10000.
1,URGENT: Please help me get my child's admission done; pay any charges.
1,I need a favour: get my documents approved quickly. üôè
1,KINDLY NOTE: I WILL PAY YOU IF YOU CAN GET MY ISSUE CLEARED TODAY.
1,"Request: Please send me ‚Çπ1000 immediately, it's urgent. Please help!"
1,I need ‚Çπ500 for medical bills. Transfer now. Please help! üôè
1,Can you transfer ‚Çπ1000 to my account? My family needs it.
1,"Send me money ‚Çπ2500 ASAP, I will pay back later. Please help!"
1,"Hello, Please help me with ‚Çπ15000. I have no other option."
1,KINDLY NOTE: REQUESTING URGENT CASH ‚Çπ10000. PLEASE TRANSFER TO THIS ACCOUNT.
1,Kindly note: Please deposit ‚Çπ15000 into my bank account today. Please help!
1,"I am stranded, please send ‚Çπ2000 immediately."
1,Help me: need ‚Çπ3000 for hospital. Transfer now. Please help!
1,I will give you details‚Äîplease wire ‚Çπ15000 now.
1,I want to meet the Prime Minister. Arrange it for me.
1,Kindly note: Please get me a meeting with the Chief Minister. Please help!
1,Request: Can you arrange to meet the Mayor? It's important.
1,I need an appointment with the district collector tomorrow.
1,"Make me meet the minister, I have an urgent request."
1,I must meet the MP; arrange a direct meeting.
1,PLEASE CONNECT ME TO THE MAYOR'S OFFICE FOR A MEETING.
1,MAKE ME AN SI OFFICER; I WILL PAY ANY CHARGE. - Contact: 9269524991
1,"Give me a government job, I need a stable position."
1,I want to be appointed to a government post. Help me. - Contact: 9061675677
1,ATTN: Get me a job in the police department urgently.
1,Kindly note: I can pay for a government job arrangement. Contact me.
1,"Provide me a free house under your scheme, I qualify. üôè"
1,I need a free water connection upgrade now.
1,SEND ME THE FREE SOLAR PANEL THEY PROMISED.
1,CLAIM MY FREE SUBSIDY OF ‚Çπ20000 FOR HOUSE REPAIR.
1,Kindly note: I want the free LPG cylinder‚Äîsend details to claim. Please help!
1,"Hello, My grievance account is suspended. Verify and reactivate it now."
1,Update my KYC and send the OTP here to reactivate benefits.
1,Verify my bank details to receive the grant. Please help!
1,Your portal asks for verification; please submit my KYC.
1,I got a notification for KYC‚Äîhelp me complete it and send OTP. - Contact: 9963919195
1,"If you don't help me, I will escalate this to the PMO."
1,Do this now or I will file a public complaint against you.
1,You have 24 hours to resolve my issue or else consequences follow.
1,Resolve my problem or face a legal notice from me.
1,"Call me right now, I need to talk about personal matters."
1,WHAT'S UP? PLEASE CALL ME TO DISCUSS SOMETHING PRIVATE.
1,"Hi, are you free? I want to chat about a favour."
1,Meet me personally; I have something important to tell you.
1,ATTN: YOU HAVE WON A CITIZEN REWARD OF ‚Çπ2000! REPLY YES TO CLAIM.
1,YOUR GRIEVANCE QUALIFIES FOR A CASH PRIZE OF ‚Çπ5000. CLICK LINK. Please help!
1,Claim your municipal refund of ‚Çπ20000 by providing bank details. Please help!
1,Congratulations! You are selected for a compensation of ‚Çπ1000. Please help!
1,Pay ‚Çπ1000 to fast-track your complaint and get immediate action.
1,Activate priority resolution for ‚Çπ1000. Send payment now.
1,Your complaint can be resolved urgently if you pay ‚Çπ2000.
1,Please help me get my child's admission done; pay any charges.
1,I need a favour: get my documents approved quickly. Please help!
1,I will pay you if you can get my issue cleared today.
1,"Please send me ‚Çπ7500 immediately, it's urgent. Please help!"
1,I NEED ‚Çπ20000 FOR MEDICAL BILLS. TRANSFER NOW.
1,Can you transfer ‚Çπ20000 to my account? My family needs it.
1,"Request: Send me money ‚Çπ5000 ASAP, I will pay back later."
1,ATTN: Please help me with ‚Çπ2500. I have no other option.
1,REQUESTING URGENT CASH ‚Çπ500. PLEASE TRANSFER TO THIS ACCOUNT.
1,Please deposit ‚Çπ3000 into my bank account today.
1,"I am stranded, please send ‚Çπ3000 immediately."
1,Help me: need ‚Çπ20000 for hospital. Transfer now.
1,I WILL GIVE YOU DETAILS‚ÄîPLEASE WIRE ‚Çπ3000 NOW.
1,"Hello, I want to meet the Prime Minister. Arrange it for me."
1,Please get me a meeting with the Chief Minister.
1,Request: Can you arrange to meet the Mayor? It's important.
1,I need an appointment with the district collector tomorrow.
1,"Request: Make me meet the minister, I have an urgent request."
1,I MUST MEET THE MP; ARRANGE A DIRECT MEETING.
1,Please connect me to the mayor's office for a meeting.
1,Make me an SI officer; I will pay any charge.
1,"Give me a government job, I need a stable position. Please help! üôè"
1,Request: I want to be appointed to a government post. Help me. - Contact: 9256366941
1,URGENT: GET ME A JOB IN THE POLICE DEPARTMENT URGENTLY.
1,I can pay for a government job arrangement. Contact me. üôè
1,"Provide me a free house under your scheme, I qualify. - Contact: 9242875721"
1,I need a free water connection upgrade now. Please help! üôè
1,Send me the free solar panel they promised.
1,Claim my free subsidy of ‚Çπ15000 for house repair.
1,I want the free LPG cylinder‚Äîsend details to claim.
1,URGENT: My grievance account is suspended. Verify and reactivate it now. Please help!
1,Update my KYC and send the OTP here to reactivate benefits. Please help!
1,Verify my bank details to receive the grant.
1,ATTN: Your portal asks for verification; please submit my KYC.
1,I GOT A NOTIFICATION FOR KYC‚ÄîHELP ME COMPLETE IT AND SEND OTP.
1,"IF YOU DON'T HELP ME, I WILL ESCALATE THIS TO THE PMO."
1,Do this now or I will file a public complaint against you. Please help! üôè
1,You have 24 hours to resolve my issue or else consequences follow.
1,"Hello, Resolve my problem or face a legal notice from me."
1,"Call me right now, I need to talk about personal matters. Please help!"
1,"Hello, What's up? Please call me to discuss something private."
1,"ATTN: Hi, are you free? I want to chat about a favour."
1,Request: Meet me personally; I have something important to tell you.
1,You have won a citizen reward of ‚Çπ3000! Reply YES to claim.
1,YOUR GRIEVANCE QUALIFIES FOR A CASH PRIZE OF ‚Çπ15000. CLICK LINK.
1,"FYI, Claim your municipal refund of ‚Çπ1000 by providing bank details."
1,Congratulations! You are selected for a compensation of ‚Çπ10000.
1,Pay ‚Çπ1500 to fast-track your complaint and get immediate action.
1,URGENT: Activate priority resolution for ‚Çπ10000. Send payment now.
1,Your complaint can be resolved urgently if you pay ‚Çπ2500.
1,Please help me get my child's admission done; pay any charges. Please help!
1,I need a favour: get my documents approved quickly.
1,I will pay you if you can get my issue cleared today. Please help!
1,"PLEASE SEND ME ‚Çπ5000 IMMEDIATELY, IT'S URGENT. Please help!"
1,I need ‚Çπ20000 for medical bills. Transfer now.
1,Can you transfer ‚Çπ20000 to my account? My family needs it.
1,"Send me money ‚Çπ500 ASAP, I will pay back later. Please help!"
1,Please help me with ‚Çπ20000. I have no other option. Please help!
1,ATTN: Requesting urgent cash ‚Çπ1000. Please transfer to this account. üôè
1,"Hello, Please deposit ‚Çπ2000 into my bank account today."
1,"I am stranded, please send ‚Çπ5000 immediately."
1,Help me: need ‚Çπ7500 for hospital. Transfer now.
1,I will give you details‚Äîplease wire ‚Çπ2000 now. üôè
1,I want to meet the Prime Minister. Arrange it for me.
1,"FYI, Please get me a meeting with the Chief Minister."
1,Can you arrange to meet the Mayor? It's important.
1,I need an appointment with the district collector tomorrow.
1,"Make me meet the minister, I have an urgent request. Please help!"
1,I must meet the MP; arrange a direct meeting. Please help!
1,Please connect me to the mayor's office for a meeting.
1,Make me an SI officer; I will pay any charge.
1,"ATTN: GIVE ME A GOVERNMENT JOB, I NEED A STABLE POSITION."
1,"Hello, I want to be appointed to a government post. Help me. Please help!"
1,Get me a job in the police department urgently.
1,"Hello, I can pay for a government job arrangement. Contact me."
1,"URGENT: Provide me a free house under your scheme, I qualify."
1,I need a free water connection upgrade now. Please help!
1,Send me the free solar panel they promised.
1,Claim my free subsidy of ‚Çπ3000 for house repair.
1,"Hello, I want the free LPG cylinder‚Äîsend details to claim."
1,My grievance account is suspended. Verify and reactivate it now. üôè
1,"Hello, Update my KYC and send the OTP here to reactivate benefits. Please help!"
1,URGENT: Verify my bank details to receive the grant. üôè
1,Your portal asks for verification; please submit my KYC.
1,I got a notification for KYC‚Äîhelp me complete it and send OTP. üôè
1,"If you don't help me, I will escalate this to the PMO."
1,Do this now or I will file a public complaint against you.
1,"FYI, YOU HAVE 24 HOURS TO RESOLVE MY ISSUE OR ELSE CONSEQUENCES FOLLOW."
1,Resolve my problem or face a legal notice from me.
1,"CALL ME RIGHT NOW, I NEED TO TALK ABOUT PERSONAL MATTERS."
1,What's up? Please call me to discuss something private.
1,"HI, ARE YOU FREE? I WANT TO CHAT ABOUT A FAVOUR."
1,"FYI, Meet me personally; I have something important to tell you."
1,You have won a citizen reward of ‚Çπ20000! Reply YES to claim.
1,Your grievance qualifies for a cash prize of ‚Çπ15000. Click link.
1,CLAIM YOUR MUNICIPAL REFUND OF ‚Çπ3000 BY PROVIDING BANK DETAILS.
1,Congratulations! You are selected for a compensation of ‚Çπ1500.
1,Pay ‚Çπ5000 to fast-track your complaint and get immediate action.
1,ACTIVATE PRIORITY RESOLUTION FOR ‚Çπ5000. SEND PAYMENT NOW. Please help!
1,ATTN: Your complaint can be resolved urgently if you pay ‚Çπ10000. Please help!
1,REQUEST: PLEASE HELP ME GET MY CHILD'S ADMISSION DONE; PAY ANY CHARGES.
1,I need a favour: get my documents approved quickly.
1,I will pay you if you can get my issue cleared today.
1,"FYI, PLEASE SEND ME ‚Çπ500 IMMEDIATELY, IT'S URGENT. Please help!"
1,I need ‚Çπ3000 for medical bills. Transfer now.
1,Can you transfer ‚Çπ7500 to my account? My family needs it. Please help!
1,"Send me money ‚Çπ15000 ASAP, I will pay back later."
1,Please help me with ‚Çπ2500. I have no other option.
1,Requesting urgent cash ‚Çπ10000. Please transfer to this account. Please help!
1,Please deposit ‚Çπ15000 into my bank account today.
1,"I am stranded, please send ‚Çπ500 immediately."
1,Help me: need ‚Çπ10000 for hospital. Transfer now. Please help! üôè
1,"Hello, I will give you details‚Äîplease wire ‚Çπ5000 now."
1,"FYI, I want to meet the Prime Minister. Arrange it for me. Please help!"
1,Please get me a meeting with the Chief Minister.
1,Can you arrange to meet the Mayor? It's important. üôè
1,I need an appointment with the district collector tomorrow.
1,"Make me meet the minister, I have an urgent request. Please help!"
1,"Hello, I must meet the MP; arrange a direct meeting."
1,Please connect me to the mayor's office for a meeting. Please help!
1,Make me an SI officer; I will pay any charge.
1,"GIVE ME A GOVERNMENT JOB, I NEED A STABLE POSITION."
1,Request: I want to be appointed to a government post. Help me.
1,"Hello, Get me a job in the police department urgently. Please help! üôè"
1,I can pay for a government job arrangement. Contact me.
1,"Provide me a free house under your scheme, I qualify."
1,I need a free water connection upgrade now.
1,Send me the free solar panel they promised. Please help! - Contact: 9026876811
1,Kindly note: Claim my free subsidy of ‚Çπ10000 for house repair. Please help!
1,I want the free LPG cylinder‚Äîsend details to claim.
1,URGENT: My grievance account is suspended. Verify and reactivate it now. Please help!
1,"Hello, Update my KYC and send the OTP here to reactivate benefits."
1,Request: Verify my bank details to receive the grant.
1,Your portal asks for verification; please submit my KYC.
1,I got a notification for KYC‚Äîhelp me complete it and send OTP.
1,"If you don't help me, I will escalate this to the PMO."
1,Do this now or I will file a public complaint against you.
1,You have 24 hours to resolve my issue or else consequences follow. üôè
1,Resolve my problem or face a legal notice from me.
1,"Call me right now, I need to talk about personal matters."
1,ATTN: What's up? Please call me to discuss something private.
1,"Hi, are you free? I want to chat about a favour."
1,MEET ME PERSONALLY; I HAVE SOMETHING IMPORTANT TO TELL YOU.
1,Request: You have won a citizen reward of ‚Çπ2500! Reply YES to claim.
1,Your grievance qualifies for a cash prize of ‚Çπ1000. Click link.
1,Claim your municipal refund of ‚Çπ500 by providing bank details.
1,"Hello, Congratulations! You are selected for a compensation of ‚Çπ7500. Please help!"
1,Pay ‚Çπ5000 to fast-track your complaint and get immediate action.
1,Activate priority resolution for ‚Çπ7500. Send payment now.
1,Your complaint can be resolved urgently if you pay ‚Çπ500. Please help!
1,Please help me get my child's admission done; pay any charges.
1,I need a favour: get my documents approved quickly. üôè
1,I will pay you if you can get my issue cleared today.
1,"Please send me ‚Çπ1500 immediately, it's urgent."
1,"Hello, I need ‚Çπ1500 for medical bills. Transfer now."
1,Can you transfer ‚Çπ20000 to my account? My family needs it.
1,"Send me money ‚Çπ15000 ASAP, I will pay back later."
1,Please help me with ‚Çπ1000. I have no other option. Please help! üôè
1,Requesting urgent cash ‚Çπ2000. Please transfer to this account.
1,ATTN: Please deposit ‚Çπ5000 into my bank account today. Please help!
1,"I am stranded, please send ‚Çπ1500 immediately. üôè - Contact: 9342342583"
1,ATTN: Help me: need ‚Çπ1500 for hospital. Transfer now.
1,I will give you details‚Äîplease wire ‚Çπ1000 now.
1,I want to meet the Prime Minister. Arrange it for me.
1,PLEASE GET ME A MEETING WITH THE CHIEF MINISTER. Please help!
1,Can you arrange to meet the Mayor? It's important.
1,I NEED AN APPOINTMENT WITH THE DISTRICT COLLECTOR TOMORROW.
1,"Make me meet the minister, I have an urgent request."
1,I must meet the MP; arrange a direct meeting.
1,Please connect me to the mayor's office for a meeting.
1,Make me an SI officer; I will pay any charge.
1,"Give me a government job, I need a stable position."
1,"FYI, I want to be appointed to a government post. Help me. Please help!"
1,URGENT: Get me a job in the police department urgently.
1,I can pay for a government job arrangement. Contact me.
1,"PROVIDE ME A FREE HOUSE UNDER YOUR SCHEME, I QUALIFY."
1,I NEED A FREE WATER CONNECTION UPGRADE NOW. Please help!
1,Send me the free solar panel they promised.
1,Claim my free subsidy of ‚Çπ1500 for house repair. üôè
1,I want the free LPG cylinder‚Äîsend details to claim.
1,My grievance account is suspended. Verify and reactivate it now.
1,Update my KYC and send the OTP here to reactivate benefits.
1,Verify my bank details to receive the grant.
1,Request: Your portal asks for verification; please submit my KYC. Please help!
1,I got a notification for KYC‚Äîhelp me complete it and send OTP.
1,"If you don't help me, I will escalate this to the PMO."
1,ATTN: Do this now or I will file a public complaint against you.
1,You have 24 hours to resolve my issue or else consequences follow.
1,URGENT: Resolve my problem or face a legal notice from me.
1,"Call me right now, I need to talk about personal matters. üôè"
1,What's up? Please call me to discuss something private.
1,"HI, ARE YOU FREE? I WANT TO CHAT ABOUT A FAVOUR."
1,Request: Meet me personally; I have something important to tell you. Please help!
1,You have won a citizen reward of ‚Çπ2000! Reply YES to claim.
1,Your grievance qualifies for a cash prize of ‚Çπ2000. Click link.
1,Claim your municipal refund of ‚Çπ5000 by providing bank details.
1,Congratulations! You are selected for a compensation of ‚Çπ500.
1,Pay ‚Çπ2500 to fast-track your complaint and get immediate action.
1,Activate priority resolution for ‚Çπ5000. Send payment now. Please help!
1,Your complaint can be resolved urgently if you pay ‚Çπ2000.
1,Please help me get my child's admission done; pay any charges.
1,I need a favour: get my documents approved quickly.
1,URGENT: I will pay you if you can get my issue cleared today. Please help!
1,"Please send me ‚Çπ5000 immediately, it's urgent. Please help!"
1,I NEED ‚Çπ7500 FOR MEDICAL BILLS. TRANSFER NOW.
1,Can you transfer ‚Çπ2500 to my account? My family needs it. Please help!
1,"Kindly note: Send me money ‚Çπ5000 ASAP, I will pay back later."
1,Please help me with ‚Çπ500. I have no other option.
1,Requesting urgent cash ‚Çπ20000. Please transfer to this account. üôè - Contact: 9633533106
1,Please deposit ‚Çπ500 into my bank account today. Please help!
1,"ATTN: I AM STRANDED, PLEASE SEND ‚Çπ20000 IMMEDIATELY."
1,"Hello, Help me: need ‚Çπ15000 for hospital. Transfer now."
1,I will give you details‚Äîplease wire ‚Çπ500 now. üôè
1,I want to meet the Prime Minister. Arrange it for me. Please help!
1,PLEASE GET ME A MEETING WITH THE CHIEF MINISTER.
1,Can you arrange to meet the Mayor? It's important.
1,I need an appointment with the district collector tomorrow.
1,"Make me meet the minister, I have an urgent request."
1,"Hello, I must meet the MP; arrange a direct meeting. Please help!"
1,Request: Please connect me to the mayor's office for a meeting.
1,ATTN: Make me an SI officer; I will pay any charge.
1,"GIVE ME A GOVERNMENT JOB, I NEED A STABLE POSITION. üôè"
1,I want to be appointed to a government post. Help me.
1,URGENT: Get me a job in the police department urgently.
1,I can pay for a government job arrangement. Contact me. üôè
1,"ATTN: PROVIDE ME A FREE HOUSE UNDER YOUR SCHEME, I QUALIFY."
1,I need a free water connection upgrade now.
1,ATTN: Send me the free solar panel they promised. Please help!
1,REQUEST: CLAIM MY FREE SUBSIDY OF ‚Çπ20000 FOR HOUSE REPAIR.
1,I want the free LPG cylinder‚Äîsend details to claim. - Contact: 9661498282
1,My grievance account is suspended. Verify and reactivate it now.
1,Request: Update my KYC and send the OTP here to reactivate benefits.
1,Verify my bank details to receive the grant.
1,Your portal asks for verification; please submit my KYC. Please help!
1,I got a notification for KYC‚Äîhelp me complete it and send OTP.
1,"If you don't help me, I will escalate this to the PMO. üôè"
1,Do this now or I will file a public complaint against you.
1,Kindly note: You have 24 hours to resolve my issue or else consequences follow.
1,Resolve my problem or face a legal notice from me.
1,"Call me right now, I need to talk about personal matters."
1,What's up? Please call me to discuss something private.
1,"Hi, are you free? I want to chat about a favour."
1,Meet me personally; I have something important to tell you.
1,YOU HAVE WON A CITIZEN REWARD OF ‚Çπ5000! REPLY YES TO CLAIM. Please help!
1,Your grievance qualifies for a cash prize of ‚Çπ5000. Click link.
1,Claim your municipal refund of ‚Çπ2000 by providing bank details. Please help!
1,Congratulations! You are selected for a compensation of ‚Çπ1500.
1,Pay ‚Çπ1000 to fast-track your complaint and get immediate action.
1,Request: Activate priority resolution for ‚Çπ15000. Send payment now. Please help! - Contact: 9901380698
1,Your complaint can be resolved urgently if you pay ‚Çπ2500.
1,Please help me get my child's admission done; pay any charges.
1,I need a favour: get my documents approved quickly. Please help!
1,I WILL PAY YOU IF YOU CAN GET MY ISSUE CLEARED TODAY.
